geoid,Zip_Code,Median_Income
86000US07421,7421,92274
86000US10001,10001,88526
86000US10002,10002,35859
86000US10003,10003,112131
86000US10004,10004,157645
86000US10005,10005,173333
86000US10006,10006,176250
86000US10007,10007,246813
86000US10009,10009,61548
86000US10010,10010,117923
86000US10011,10011,128613
86000US10012,10012,109037
86000US10013,10013,105442
86000US10014,10014,126601
86000US10016,10016,117004
86000US10017,10017,127506
86000US10018,10018,108914
86000US10019,10019,98833
86000US10021,10021,118289
86000US10022,10022,135363
86000US10023,10023,130452
86000US10024,10024,131668
86000US10025,10025,85930
86000US10026,10026,58884
86000US10027,10027,46113
86000US10028,10028,125140
86000US10029,10029,34016
86000US10030,10030,37232
86000US10031,10031,49891
86000US10032,10032,50391
86000US10033,10033,58614
86000US10034,10034,54716
86000US10035,10035,30081
86000US10036,10036,91936
86000US10037,10037,45041
86000US10038,10038,86058
86000US10039,10039,39653
86000US10040,10040,47137
86000US10044,10044,100441
86000US10065,10065,127375
86000US10069,10069,110625
86000US10075,10075,137146
86000US10128,10128,114010
86000US10162,10162,188880
86000US10280,10280,169844
86000US10282,10282,250001
86000US10301,10301,55802
86000US10302,10302,64103
86000US10303,10303,62558
86000US10304,10304,52199
86000US10305,10305,76489
86000US10306,10306,79569
86000US10307,10307,80893
86000US10308,10308,93963
86000US10309,10309,103175
86000US10310,10310,72093
86000US10312,10312,95064
86000US10314,10314,86742
86000US10451,10451,28921
86000US10452,10452,28277
86000US10453,10453,25275
86000US10454,10454,21149
86000US10455,10455,26801
86000US10456,10456,27106
86000US10457,10457,27420
86000US10458,10458,33932
86000US10459,10459,27687
86000US10460,10460,26866
86000US10461,10461,56612
86000US10462,10462,52409
86000US10463,10463,58551
86000US10464,10464,93365
86000US10465,10465,74796
86000US10466,10466,51477
86000US10467,10467,37015
86000US10468,10468,36046
86000US10469,10469,63652
86000US10470,10470,57160
86000US10471,10471,85707
86000US10472,10472,30977
86000US10473,10473,41638
86000US10474,10474,25493
86000US10475,10475,50832
86000US10501,10501,197321
86000US10502,10502,163902
86000US10504,10504,208275
86000US10506,10506,222500
86000US10507,10507,64500
86000US10509,10509,102372
86000US10510,10510,167847
86000US10511,10511,109375
86000US10512,10512,97363
86000US10514,10514,250001
86000US10516,10516,102841
86000US10517,10517,72067
86000US10518,10518,198255
86000US10519,10519,148375
86000US10520,10520,105670
86000US10522,10522,138477
86000US10523,10523,98700
86000US10524,10524,122419
86000US10526,10526,125801
86000US10527,10527,161583
86000US10528,10528,120846
86000US10530,10530,108817
86000US10532,10532,99167
86000US10533,10533,144121
86000US10536,10536,175833
86000US10537,10537,103021
86000US10538,10538,177553
86000US10541,10541,107258
86000US10543,10543,99124
86000US10546,10546,199250
86000US10547,10547,117721
86000US10548,10548,84444
86000US10549,10549,109450
86000US10550,10550,47955
86000US10552,10552,74427
86000US10553,10553,71477
86000US10560,10560,134076
86000US10562,10562,76793
86000US10566,10566,54332
86000US10567,10567,126907
86000US10570,10570,134545
86000US10573,10573,82150
86000US10576,10576,205905
86000US10577,10577,202583
86000US10578,10578,110972
86000US10579,10579,103750
86000US10580,10580,183871
86000US10583,10583,201232
86000US10588,10588,103516
86000US10589,10589,103239
86000US10590,10590,144722
86000US10591,10591,95339
86000US10594,10594,147115
86000US10595,10595,110448
86000US10596,10596,93533
86000US10597,10597,250001
86000US10598,10598,124555
86000US10601,10601,65435
86000US10603,10603,99005
86000US10604,10604,93692
86000US10605,10605,111399
86000US10606,10606,79882
86000US10607,10607,132141
86000US10701,10701,44559
86000US10703,10703,64456
86000US10704,10704,73165
86000US10705,10705,48540
86000US10706,10706,144414
86000US10707,10707,101419
86000US10708,10708,106875
86000US10709,10709,117833
86000US10710,10710,87760
86000US10801,10801,64769
86000US10803,10803,152932
86000US10804,10804,191773
86000US10805,10805,71439
86000US10901,10901,95744
86000US10913,10913,140375
86000US10914,10914,133047
86000US10916,10916,101793
86000US10917,10917,109750
86000US10918,10918,103597
86000US10919,10919,102738
86000US10920,10920,115745
86000US10921,10921,89239
86000US10922,10922,86607
86000US10923,10923,80149
86000US10924,10924,101801
86000US10925,10925,90709
86000US10926,10926,80625
86000US10927,10927,61336
86000US10928,10928,82500
86000US10930,10930,131111
86000US10931,10931,70833
86000US10933,10933,94808
86000US10940,10940,61367
86000US10941,10941,73056
86000US10950,10950,76637
86000US10952,10952,56594
86000US10954,10954,105698
86000US10956,10956,133297
86000US10958,10958,100714
86000US10960,10960,84983
86000US10962,10962,110833
86000US10963,10963,74306
86000US10964,10964,124844
86000US10965,10965,110650
86000US10968,10968,115208
86000US10969,10969,102688
86000US10970,10970,91174
86000US10973,10973,95156
86000US10974,10974,95446
86000US10976,10976,63875
86000US10977,10977,55145
86000US10980,10980,105437
86000US10983,10983,110250
86000US10984,10984,129315
86000US10985,10985,176143
86000US10986,10986,150625
86000US10987,10987,105069
86000US10988,10988,80972
86000US10989,10989,117368
86000US10990,10990,101357
86000US10992,10992,97000
86000US10993,10993,50559
86000US10994,10994,148342
86000US10996,10996,103417
86000US10998,10998,90567
86000US11001,11001,108438
86000US11003,11003,97338
86000US11004,11004,92657
86000US11005,11005,62993
86000US11010,11010,108952
86000US11020,11020,135938
86000US11021,11021,99170
86000US11023,11023,116250
86000US11024,11024,106250
86000US11030,11030,187159
86000US11040,11040,124378
86000US11050,11050,122845
86000US11096,11096,56917
86000US11101,11101,65392
86000US11102,11102,64067
86000US11103,11103,71437
86000US11104,11104,61269
86000US11105,11105,73959
86000US11106,11106,63703
86000US11109,11109,148590
86000US11201,11201,124996
86000US11203,11203,51277
86000US11204,11204,49785
86000US11205,11205,56708
86000US11206,11206,36404
86000US11207,11207,37243
86000US11208,11208,40733
86000US11209,11209,72314
86000US11210,11210,65900
86000US11211,11211,71225
86000US11212,11212,26239
86000US11213,11213,41710
86000US11214,11214,54041
86000US11215,11215,123583
86000US11216,11216,61121
86000US11217,11217,107362
86000US11218,11218,69415
86000US11219,11219,39295
86000US11220,11220,47079
86000US11221,11221,50153
86000US11222,11222,85111
86000US11223,11223,50108
86000US11224,11224,33131
86000US11225,11225,55862
86000US11226,11226,52052
86000US11228,11228,67911
86000US11229,11229,60873
86000US11230,11230,49541
86000US11231,11231,100213
86000US11232,11232,56661
86000US11233,11233,40449
86000US11234,11234,81399
86000US11235,11235,52538
86000US11236,11236,67669
86000US11237,11237,51413
86000US11238,11238,85407
86000US11239,11239,27104
86000US11354,11354,42500
86000US11355,11355,39207
86000US11356,11356,60493
86000US11357,11357,83951
86000US11358,11358,66129
86000US11360,11360,86174
86000US11361,11361,85887
86000US11362,11362,89185
86000US11363,11363,104792
86000US11364,11364,76988
86000US11365,11365,66483
86000US11366,11366,78990
86000US11367,11367,57933
86000US11368,11368,50797
86000US11369,11369,54121
86000US11370,11370,65098
86000US11372,11372,56383
86000US11373,11373,51183
86000US11374,11374,63161
86000US11375,11375,80542
86000US11377,11377,57010
86000US11378,11378,73333
86000US11379,11379,82819
86000US11385,11385,72261
86000US11411,11411,93882
86000US11412,11412,78517
86000US11413,11413,86324
86000US11414,11414,71648
86000US11415,11415,68294
86000US11416,11416,67461
86000US11417,11417,73424
86000US11418,11418,66570
86000US11419,11419,70882
86000US11420,11420,67932
86000US11421,11421,72066
86000US11422,11422,89235
86000US11423,11423,70266
86000US11426,11426,88803
86000US11427,11427,74581
86000US11428,11428,73699
86000US11429,11429,83240
86000US11432,11432,55906
86000US11433,11433,51521
86000US11434,11434,62207
86000US11435,11435,64086
86000US11436,11436,75242
86000US11501,11501,96079
86000US11507,11507,129613
86000US11509,11509,141250
86000US11510,11510,108761
86000US11514,11514,89074
86000US11516,11516,107440
86000US11518,11518,100082
86000US11520,11520,76388
86000US11530,11530,160598
86000US11542,11542,78339
86000US11545,11545,160464
86000US11547,11547,81500
86000US11548,11548,133699
86000US11550,11550,64097
86000US11552,11552,117069
86000US11553,11553,73424
86000US11554,11554,105192
86000US11557,11557,126287
86000US11558,11558,90753
86000US11559,11559,108750
86000US11560,11560,129250
86000US11561,11561,96163
86000US11563,11563,97169
86000US11565,11565,120890
86000US11566,11566,149367
86000US11568,11568,192266
86000US11569,11569,153398
86000US11570,11570,118309
86000US11572,11572,115096
86000US11575,11575,80574
86000US11576,11576,162715
86000US11577,11577,139896
86000US11579,11579,121354
86000US11580,11580,109470
86000US11581,11581,108800
86000US11590,11590,102789
86000US11596,11596,126017
86000US11598,11598,141088
86000US11691,11691,46147
86000US11692,11692,44024
86000US11693,11693,59431
86000US11694,11694,80976
86000US11697,11697,103580
86000US11701,11701,82983
86000US11702,11702,123929
86000US11703,11703,99189
86000US11704,11704,90089
86000US11705,11705,108664
86000US11706,11706,86808
86000US11709,11709,105469
86000US11710,11710,132281
86000US11713,11713,73380
86000US11714,11714,106693
86000US11715,11715,119344
86000US11716,11716,90830
86000US11717,11717,76767
86000US11718,11718,122857
86000US11719,11719,87813
86000US11720,11720,106013
86000US11721,11721,139226
86000US11722,11722,69360
86000US11724,11724,250001
86000US11725,11725,128369
86000US11726,11726,73720
86000US11727,11727,82468
86000US11729,11729,89858
86000US11730,11730,122646
86000US11731,11731,117068
86000US11732,11732,116786
86000US11733,11733,146802
86000US11735,11735,105454
86000US11738,11738,105182
86000US11739,11739,142917
86000US11740,11740,112500
86000US11741,11741,105410
86000US11742,11742,101012
86000US11743,11743,123071
86000US11746,11746,111002
86000US11747,11747,122964
86000US11749,11749,95379
86000US11751,11751,104381
86000US11752,11752,107470
86000US11753,11753,168627
86000US11754,11754,105500
86000US11755,11755,109490
86000US11756,11756,120805
86000US11757,11757,87225
86000US11758,11758,114681
86000US11762,11762,126693
86000US11763,11763,87500
86000US11764,11764,123149
86000US11765,11765,237813
86000US11766,11766,117283
86000US11767,11767,121968
86000US11768,11768,126841
86000US11769,11769,95987
86000US11770,11770,120625
86000US11771,11771,124659
86000US11772,11772,75856
86000US11776,11776,100350
86000US11777,11777,112372
86000US11778,11778,92731
86000US11779,11779,93777
86000US11780,11780,120595
86000US11782,11782,111581
86000US11783,11783,128015
86000US11784,11784,91162
86000US11786,11786,127092
86000US11787,11787,125369
86000US11788,11788,109036
86000US11789,11789,98148
86000US11790,11790,137090
86000US11791,11791,168902
86000US11792,11792,134803
86000US11793,11793,130957
86000US11795,11795,115506
86000US11796,11796,101250
86000US11797,11797,169099
86000US11798,11798,79771
86000US11801,11801,106151
86000US11803,11803,144444
86000US11804,11804,133281
86000US11901,11901,63461
86000US11930,11930,100474
86000US11932,11932,104444
86000US11933,11933,64042
86000US11934,11934,93512
86000US11935,11935,94221
86000US11937,11937,101723
86000US11939,11939,80694
86000US11940,11940,102397
86000US11941,11941,109545
86000US11942,11942,86890
86000US11944,11944,61250
86000US11946,11946,79516
86000US11948,11948,132813
86000US11949,11949,95851
86000US11950,11950,79149
86000US11951,11951,66057
86000US11952,11952,92045
86000US11953,11953,72733
86000US11954,11954,95278
86000US11955,11955,62105
86000US11956,11956,64917
86000US11957,11957,70250
86000US11959,11959,72917
86000US11960,11960,87159
86000US11961,11961,65600
86000US11962,11962,117500
86000US11963,11963,88686
86000US11964,11964,82686
86000US11965,11965,120772
86000US11967,11967,83644
86000US11968,11968,92500
86000US11971,11971,80771
86000US11972,11972,100833
86000US11975,11975,141000
86000US11976,11976,112379
86000US11977,11977,112917
86000US11978,11978,100043
86000US11980,11980,96983
86000US12008,12008,94028
86000US12009,12009,88958
86000US12010,12010,46360
86000US12015,12015,61607
86000US12017,12017,71429
86000US12018,12018,89577
86000US12019,12019,99844
86000US12020,12020,80952
86000US12022,12022,54000
86000US12023,12023,72411
86000US12025,12025,63981
86000US12027,12027,101058
86000US12028,12028,67448
86000US12029,12029,92500
86000US12032,12032,48750
86000US12033,12033,77340
86000US12035,12035,37692
86000US12036,12036,42222
86000US12037,12037,57841
86000US12040,12040,40833
86000US12041,12041,90347
86000US12042,12042,46250
86000US12043,12043,51408
86000US12045,12045,51161
86000US12046,12046,84650
86000US12047,12047,56372
86000US12051,12051,67906
86000US12052,12052,75000
86000US12053,12053,88438
86000US12054,12054,103424
86000US12056,12056,88269
86000US12057,12057,61875
86000US12058,12058,65875
86000US12059,12059,79081
86000US12060,12060,75469
86000US12061,12061,93364
86000US12062,12062,72115
86000US12063,12063,77981
86000US12064,12064,59722
86000US12065,12065,90544
86000US12066,12066,64896
86000US12067,12067,86071
86000US12068,12068,62074
86000US12069,12069,40625
86000US12070,12070,53654
86000US12071,12071,52625
86000US12072,12072,53542
86000US12074,12074,81141
86000US12075,12075,65144
86000US12076,12076,58958
86000US12077,12077,99662
86000US12078,12078,43135
86000US12083,12083,79419
86000US12084,12084,75930
86000US12085,12085,31902
86000US12086,12086,59091
86000US12087,12087,74167
86000US12089,12089,97500
86000US12090,12090,52804
86000US12092,12092,36701
86000US12093,12093,51481
86000US12094,12094,83432
86000US12095,12095,52541
86000US12106,12106,73300
86000US12108,12108,70893
86000US12110,12110,79107
86000US12115,12115,90694
86000US12116,12116,46000
86000US12117,12117,53091
86000US12118,12118,73091
86000US12120,12120,57917
86000US12121,12121,74009
86000US12122,12122,49289
86000US12123,12123,93092
86000US12124,12124,62885
86000US12125,12125,53750
86000US12131,12131,58750
86000US12132,12132,51767
86000US12134,12134,57153
86000US12136,12136,72917
86000US12137,12137,64750
86000US12138,12138,57972
86000US12139,12139,60000
86000US12140,12140,97639
86000US12143,12143,59159
86000US12144,12144,69025
86000US12147,12147,67500
86000US12148,12148,116279
86000US12149,12149,56169
86000US12150,12150,69432
86000US12151,12151,93295
86000US12153,12153,98750
86000US12154,12154,71875
86000US12155,12155,50288
86000US12156,12156,89833
86000US12157,12157,60317
86000US12158,12158,84180
86000US12159,12159,91193
86000US12160,12160,70278
86000US12161,12161,78730
86000US12164,12164,66458
86000US12165,12165,108250
86000US12166,12166,40089
86000US12167,12167,44839
86000US12168,12168,68510
86000US12169,12169,99896
86000US12170,12170,71591
86000US12172,12172,44313
86000US12173,12173,73958
86000US12174,12174,86000
86000US12175,12175,57188
86000US12176,12176,75288
86000US12177,12177,58250
86000US12180,12180,53007
86000US12182,12182,47021
86000US12183,12183,53454
86000US12184,12184,74132
86000US12185,12185,67917
86000US12186,12186,102052
86000US12187,12187,51050
86000US12188,12188,67405
86000US12189,12189,51748
86000US12190,12190,57778
86000US12192,12192,85212
86000US12193,12193,78295
86000US12194,12194,41667
86000US12195,12195,35625
86000US12196,12196,91890
86000US12197,12197,46964
86000US12198,12198,76962
86000US12202,12202,29229
86000US12203,12203,59394
86000US12204,12204,51923
86000US12205,12205,69411
86000US12206,12206,30870
86000US12207,12207,15815
86000US12208,12208,62758
86000US12209,12209,52636
86000US12210,12210,45922
86000US12211,12211,100353
86000US12302,12302,73940
86000US12303,12303,66436
86000US12304,12304,49464
86000US12305,12305,31982
86000US12306,12306,66687
86000US12307,12307,21719
86000US12308,12308,50162
86000US12309,12309,107823
86000US12401,12401,52784
86000US12404,12404,62422
86000US12405,12405,54750
86000US12406,12406,40880
86000US12407,12407,37404
86000US12409,12409,90643
86000US12411,12411,72125
86000US12412,12412,68470
86000US12413,12413,45159
86000US12414,12414,39625
86000US12416,12416,25800
86000US12417,12417,82031
86000US12418,12418,67500
86000US12419,12419,59231
86000US12420,12420,110583
86000US12421,12421,60375
86000US12422,12422,130313
86000US12423,12423,44241
86000US12424,12424,72625
86000US12428,12428,46571
86000US12430,12430,52971
86000US12431,12431,51250
86000US12432,12432,52813
86000US12433,12433,65847
86000US12434,12434,35114
86000US12435,12435,42778
86000US12439,12439,33833
86000US12440,12440,70227
86000US12442,12442,25598
86000US12443,12443,93712
86000US12444,12444,57917
86000US12446,12446,59472
86000US12448,12448,123807
86000US12449,12449,52826
86000US12451,12451,59725
86000US12453,12453,36923
86000US12454,12454,62083
86000US12455,12455,44550
86000US12456,12456,58611
86000US12457,12457,51875
86000US12458,12458,44539
86000US12459,12459,42583
86000US12460,12460,26850
86000US12461,12461,66739
86000US12463,12463,77542
86000US12464,12464,40145
86000US12465,12465,56500
86000US12466,12466,72031
86000US12468,12468,50417
86000US12469,12469,47917
86000US12470,12470,61420
86000US12472,12472,67857
86000US12473,12473,46563
86000US12474,12474,49464
86000US12477,12477,60279
86000US12481,12481,54769
86000US12482,12482,42016
86000US12484,12484,64155
86000US12485,12485,52216
86000US12486,12486,98264
86000US12487,12487,64545
86000US12491,12491,70345
86000US12492,12492,50938
86000US12493,12493,78359
86000US12494,12494,91544
86000US12495,12495,168214
86000US12496,12496,63365
86000US12498,12498,72768
86000US12501,12501,65278
86000US12502,12502,78098
86000US12503,12503,69706
86000US12504,12504,151667
86000US12507,12507,57386
86000US12508,12508,76599
86000US12513,12513,63571
86000US12514,12514,108149
86000US12516,12516,78684
86000US12518,12518,77861
86000US12520,12520,105435
86000US12521,12521,85250
86000US12522,12522,51419
86000US12523,12523,69271
86000US12524,12524,81616
86000US12525,12525,77147
86000US12526,12526,76417
86000US12528,12528,70451
86000US12529,12529,69018
86000US12531,12531,101875
86000US12533,12533,102848
86000US12534,12534,48878
86000US12538,12538,74323
86000US12540,12540,115821
86000US12542,12542,73302
86000US12543,12543,60769
86000US12545,12545,88715
86000US12546,12546,58500
86000US12547,12547,93813
86000US12548,12548,56369
86000US12549,12549,91386
86000US12550,12550,59143
86000US12553,12553,78398
86000US12561,12561,66148
86000US12563,12563,91729
86000US12564,12564,89688
86000US12565,12565,39914
86000US12566,12566,75856
86000US12567,12567,62750
86000US12569,12569,80322
86000US12570,12570,101214
86000US12571,12571,78641
86000US12572,12572,72243
86000US12575,12575,134179
86000US12577,12577,133864
86000US12578,12578,116705
86000US12580,12580,69554
86000US12581,12581,75139
86000US12582,12582,106842
86000US12583,12583,77083
86000US12585,12585,82557
86000US12586,12586,74849
86000US12589,12589,79982
86000US12590,12590,88982
86000US12592,12592,53728
86000US12594,12594,69792
86000US12601,12601,45903
86000US12603,12603,83636
86000US12701,12701,37903
86000US12719,12719,63750
86000US12721,12721,71953
86000US12723,12723,54333
86000US12725,12725,83750
86000US12726,12726,62426
86000US12729,12729,46192
86000US12732,12732,44318
86000US12733,12733,31422
86000US12734,12734,56313
86000US12736,12736,35714
86000US12737,12737,78967
86000US12738,12738,61645
86000US12740,12740,70517
86000US12741,12741,59375
86000US12742,12742,31167
86000US12743,12743,60962
86000US12745,12745,37875
86000US12746,12746,81563
86000US12747,12747,55114
86000US12748,12748,73750
86000US12749,12749,55563
86000US12750,12750,79712
86000US12751,12751,50185
86000US12752,12752,41202
86000US12754,12754,45630
86000US12758,12758,60368
86000US12759,12759,25781
86000US12760,12760,58375
86000US12762,12762,39265
86000US12764,12764,46488
86000US12765,12765,88721
86000US12766,12766,61786
86000US12767,12767,74688
86000US12768,12768,71083
86000US12771,12771,51829
86000US12775,12775,100714
86000US12776,12776,55398
86000US12777,12777,84500
86000US12779,12779,32077
86000US12780,12780,46250
86000US12781,12781,81563
86000US12783,12783,69943
86000US12785,12785,84728
86000US12787,12787,95313
86000US12788,12788,65060
86000US12789,12789,47028
86000US12790,12790,68611
86000US12791,12791,74250
86000US12792,12792,38125
86000US12801,12801,48485
86000US12803,12803,61643
86000US12804,12804,74272
86000US12808,12808,64792
86000US12809,12809,54693
86000US12810,12810,58125
86000US12812,12812,70750
86000US12814,12814,49602
86000US12815,12815,64563
86000US12816,12816,51480
86000US12817,12817,62031
86000US12819,12819,59464
86000US12821,12821,82802
86000US12822,12822,57413
86000US12824,12824,76161
86000US12827,12827,65284
86000US12828,12828,53102
86000US12831,12831,83358
86000US12832,12832,45423
86000US12833,12833,81350
86000US12834,12834,75060
86000US12835,12835,56083
86000US12836,12836,65781
86000US12837,12837,59167
86000US12838,12838,64375
86000US12839,12839,47826
86000US12841,12841,81250
86000US12842,12842,55700
86000US12843,12843,32813
86000US12844,12844,84063
86000US12845,12845,60208
86000US12846,12846,55694
86000US12847,12847,59375
86000US12850,12850,86429
86000US12851,12851,49583
86000US12852,12852,50000
86000US12853,12853,45625
86000US12855,12855,41500
86000US12856,12856,50952
86000US12857,12857,61042
86000US12858,12858,100625
86000US12859,12859,71354
86000US12860,12860,67292
86000US12861,12861,50625
86000US12863,12863,102727
86000US12865,12865,54009
86000US12866,12866,80151
86000US12870,12870,50526
86000US12871,12871,72125
86000US12872,12872,29519
86000US12873,12873,62679
86000US12874,12874,76250
86000US12878,12878,55694
86000US12883,12883,48396
86000US12884,12884,58036
86000US12885,12885,46280
86000US12886,12886,57266
86000US12887,12887,54231
86000US12901,12901,48883
86000US12903,12903,63942
86000US12910,12910,49844
86000US12912,12912,59261
86000US12913,12913,60917
86000US12914,12914,46875
86000US12916,12916,59758
86000US12917,12917,52500
86000US12918,12918,63648
86000US12919,12919,50634
86000US12920,12920,53462
86000US12921,12921,82056
86000US12923,12923,50750
86000US12924,12924,70000
86000US12926,12926,50729
86000US12927,12927,50227
86000US12928,12928,55521
86000US12929,12929,50962
86000US12930,12930,58472
86000US12932,12932,53487
86000US12934,12934,52778
86000US12935,12935,54583
86000US12936,12936,62500
86000US12937,12937,45880
86000US12939,12939,58438
86000US12941,12941,65236
86000US12942,12942,69904
86000US12943,12943,37750
86000US12944,12944,51176
86000US12945,12945,64773
86000US12946,12946,63770
86000US12950,12950,66136
86000US12952,12952,38750
86000US12953,12953,49206
86000US12955,12955,65625
86000US12956,12956,59757
86000US12957,12957,41287
86000US12958,12958,61114
86000US12959,12959,29886
86000US12960,12960,81758
86000US12962,12962,75245
86000US12965,12965,41250
86000US12966,12966,48750
86000US12967,12967,45508
86000US12969,12969,39688
86000US12970,12970,56250
86000US12972,12972,69332
86000US12973,12973,46250
86000US12974,12974,53594
86000US12975,12975,53563
86000US12976,12976,76250
86000US12979,12979,58646
86000US12980,12980,41944
86000US12981,12981,66542
86000US12983,12983,54478
86000US12985,12985,41289
86000US12986,12986,56402
86000US12987,12987,51979
86000US12989,12989,69479
86000US12992,12992,54460
86000US12993,12993,49688
86000US12996,12996,63594
86000US12997,12997,60547
86000US12998,12998,43769
86000US13020,13020,75750
86000US13021,13021,51709
86000US13026,13026,67992
86000US13027,13027,75301
86000US13028,13028,49700
86000US13029,13029,67568
86000US13030,13030,63393
86000US13031,13031,72703
86000US13032,13032,59087
86000US13033,13033,66887
86000US13034,13034,68611
86000US13035,13035,79527
86000US13036,13036,55241
86000US13037,13037,74587
86000US13039,13039,90940
86000US13040,13040,51731
86000US13041,13041,89516
86000US13042,13042,63556
86000US13044,13044,64398
86000US13045,13045,52726
86000US13052,13052,55536
86000US13053,13053,67857
86000US13054,13054,68646
86000US13057,13057,60971
86000US13060,13060,59844
86000US13061,13061,67625
86000US13063,13063,95417
86000US13066,13066,89840
86000US13068,13068,62635
86000US13069,13069,50293
86000US13071,13071,63958
86000US13072,13072,55547
86000US13073,13073,68209
86000US13074,13074,57310
86000US13076,13076,62614
86000US13077,13077,61186
86000US13078,13078,88150
86000US13080,13080,51173
86000US13081,13081,83043
86000US13082,13082,67019
86000US13083,13083,67500
86000US13084,13084,65083
86000US13087,13087,62500
86000US13088,13088,58183
86000US13090,13090,74396
86000US13092,13092,70813
86000US13101,13101,62652
86000US13103,13103,69063
86000US13104,13104,104321
86000US13108,13108,74840
86000US13110,13110,81500
86000US13111,13111,40924
86000US13112,13112,70150
86000US13113,13113,85938
86000US13114,13114,60996
86000US13115,13115,42875
86000US13116,13116,56048
86000US13117,13117,55000
86000US13118,13118,55762
86000US13120,13120,56000
86000US13122,13122,75250
86000US13123,13123,58431
86000US13124,13124,45625
86000US13126,13126,51460
86000US13131,13131,56723
86000US13132,13132,63245
86000US13134,13134,76563
86000US13135,13135,55503
86000US13136,13136,45972
86000US13140,13140,54744
86000US13141,13141,62768
86000US13142,13142,47198
86000US13143,13143,54050
86000US13144,13144,42028
86000US13145,13145,53750
86000US13146,13146,52135
86000US13147,13147,53333
86000US13148,13148,55621
86000US13152,13152,92691
86000US13153,13153,49750
86000US13155,13155,68636
86000US13156,13156,58056
86000US13157,13157,46429
86000US13158,13158,56786
86000US13159,13159,71548
86000US13160,13160,64511
86000US13163,13163,45417
86000US13164,13164,92446
86000US13165,13165,54973
86000US13166,13166,62774
86000US13167,13167,53894
86000US13202,13202,17176
86000US13203,13203,35359
86000US13204,13204,33508
86000US13205,13205,31582
86000US13206,13206,41403
86000US13207,13207,50336
86000US13208,13208,38482
86000US13209,13209,54974
86000US13210,13210,29100
86000US13211,13211,47282
86000US13212,13212,58971
86000US13214,13214,75809
86000US13215,13215,87489
86000US13219,13219,62119
86000US13224,13224,56535
86000US13301,13301,88125
86000US13302,13302,48625
86000US13303,13303,69886
86000US13304,13304,77813
86000US13305,13305,48828
86000US13308,13308,61667
86000US13309,13309,57846
86000US13310,13310,46328
86000US13312,13312,50625
86000US13313,13313,37188
86000US13314,13314,50469
86000US13315,13315,60735
86000US13316,13316,47193
86000US13317,13317,51272
86000US13318,13318,69091
86000US13319,13319,44619
86000US13320,13320,59297
86000US13321,13321,51083
86000US13322,13322,58125
86000US13323,13323,66172
86000US13324,13324,52917
86000US13325,13325,53250
86000US13326,13326,60966
86000US13327,13327,55573
86000US13328,13328,76591
86000US13329,13329,46190
86000US13331,13331,59167
86000US13332,13332,51458
86000US13334,13334,53224
86000US13335,13335,58000
86000US13337,13337,81591
86000US13338,13338,44904
86000US13339,13339,49071
86000US13340,13340,58065
86000US13341,13341,115735
86000US13342,13342,59107
86000US13343,13343,59167
86000US13346,13346,67045
86000US13348,13348,61133
86000US13350,13350,48471
86000US13354,13354,74496
86000US13355,13355,65956
86000US13357,13357,49832
86000US13360,13360,47500
86000US13361,13361,54219
86000US13363,13363,72738
86000US13364,13364,31563
86000US13365,13365,51520
86000US13367,13367,53689
86000US13368,13368,46765
86000US13402,13402,60870
86000US13403,13403,81344
86000US13404,13404,42750
86000US13406,13406,54375
86000US13407,13407,51336
86000US13408,13408,53932
86000US13409,13409,52216
86000US13410,13410,70938
86000US13411,13411,49556
86000US13413,13413,72576
86000US13415,13415,48750
86000US13416,13416,51585
86000US13417,13417,35720
86000US13418,13418,63438
86000US13420,13420,54787
86000US13421,13421,53179
86000US13424,13424,58367
86000US13425,13425,48875
86000US13428,13428,40662
86000US13431,13431,59792
86000US13433,13433,48935
86000US13435,13435,67778
86000US13436,13436,55625
86000US13437,13437,44688
86000US13438,13438,55761
86000US13439,13439,49832
86000US13440,13440,53067
86000US13441,13441,48333
86000US13450,13450,51328
86000US13452,13452,41042
86000US13454,13454,40400
86000US13456,13456,69528
86000US13459,13459,55346
86000US13460,13460,47143
86000US13461,13461,63204
86000US13464,13464,41532
86000US13468,13468,60625
86000US13469,13469,81201
86000US13470,13470,38750
86000US13471,13471,53158
86000US13473,13473,60313
86000US13476,13476,67083
86000US13477,13477,45000
86000US13478,13478,62944
86000US13480,13480,56033
86000US13483,13483,80000
86000US13484,13484,98703
86000US13485,13485,50050
86000US13486,13486,51250
86000US13488,13488,51250
86000US13489,13489,51944
86000US13490,13490,64592
86000US13491,13491,57557
86000US13492,13492,62632
86000US13493,13493,51055
86000US13494,13494,61458
86000US13495,13495,55643
86000US13501,13501,36079
86000US13502,13502,41333
86000US13601,13601,46683
86000US13602,13602,45156
86000US13603,13603,45272
86000US13605,13605,52212
86000US13606,13606,67787
86000US13607,13607,49048
86000US13608,13608,47065
86000US13612,13612,65636
86000US13613,13613,50652
86000US13615,13615,61389
86000US13616,13616,53021
86000US13617,13617,60016
86000US13618,13618,52941
86000US13619,13619,53566
86000US13620,13620,39235
86000US13621,13621,54500
86000US13622,13622,66736
86000US13624,13624,74505
86000US13625,13625,56500
86000US13626,13626,50583
86000US13628,13628,47500
86000US13630,13630,45500
86000US13633,13633,72614
86000US13634,13634,63605
86000US13635,13635,52546
86000US13636,13636,55000
86000US13637,13637,52666
86000US13638,13638,39278
86000US13639,13639,48889
86000US13640,13640,46581
86000US13642,13642,38438
86000US13646,13646,41528
86000US13648,13648,50227
86000US13650,13650,62120
86000US13651,13651,135833
86000US13652,13652,45417
86000US13654,13654,47273
86000US13655,13655,41613
86000US13656,13656,56953
86000US13658,13658,59583
86000US13659,13659,55625
86000US13660,13660,54189
86000US13661,13661,64111
86000US13662,13662,50154
86000US13664,13664,66875
86000US13665,13665,47439
86000US13666,13666,44375
86000US13667,13667,41682
86000US13668,13668,53832
86000US13669,13669,48177
86000US13670,13670,41389
86000US13672,13672,57650
86000US13673,13673,48575
86000US13675,13675,64605
86000US13676,13676,50292
86000US13678,13678,42708
86000US13679,13679,52063
86000US13680,13680,42750
86000US13681,13681,58125
86000US13682,13682,70625
86000US13684,13684,47279
86000US13685,13685,62583
86000US13687,13687,49609
86000US13690,13690,41429
86000US13691,13691,59313
86000US13692,13692,41964
86000US13693,13693,45438
86000US13694,13694,60625
86000US13695,13695,105139
86000US13697,13697,42623
86000US13730,13730,54274
86000US13731,13731,42917
86000US13732,13732,83078
86000US13733,13733,53428
86000US13734,13734,46700
86000US13736,13736,63309
86000US13739,13739,62841
86000US13740,13740,70313
86000US13743,13743,60433
86000US13744,13744,60909
86000US13746,13746,61350
86000US13748,13748,57560
86000US13750,13750,39414
86000US13752,13752,54583
86000US13753,13753,54211
86000US13754,13754,40417
86000US13755,13755,48611
86000US13756,13756,52411
86000US13757,13757,53904
86000US13760,13760,56959
86000US13774,13774,34200
86000US13775,13775,54500
86000US13776,13776,65714
86000US13777,13777,67292
86000US13778,13778,58555
86000US13780,13780,60139
86000US13782,13782,54896
86000US13783,13783,41458
86000US13784,13784,43750
86000US13786,13786,52500
86000US13787,13787,46013
86000US13788,13788,52639
86000US13790,13790,45114
86000US13794,13794,43125
86000US13795,13795,56008
86000US13796,13796,61250
86000US13797,13797,52462
86000US13801,13801,35592
86000US13802,13802,110625
86000US13803,13803,61111
86000US13804,13804,56181
86000US13806,13806,41000
86000US13807,13807,58182
86000US13808,13808,49375
86000US13809,13809,52344
86000US13810,13810,54250
86000US13811,13811,68550
86000US13812,13812,66696
86000US13813,13813,51719
86000US13815,13815,47874
86000US13820,13820,48875
86000US13825,13825,51047
86000US13827,13827,56359
86000US13830,13830,46250
86000US13832,13832,48750
86000US13833,13833,54375
86000US13834,13834,72852
86000US13835,13835,51053
86000US13838,13838,36815
86000US13839,13839,45817
86000US13841,13841,53125
86000US13842,13842,54375
86000US13843,13843,51207
86000US13844,13844,53125
86000US13846,13846,37917
86000US13849,13849,49554
86000US13850,13850,65030
86000US13856,13856,50764
86000US13859,13859,54750
86000US13861,13861,75700
86000US13862,13862,61714
86000US13863,13863,54167
86000US13864,13864,40347
86000US13865,13865,62629
86000US13901,13901,44159
86000US13903,13903,46813
86000US13904,13904,49189
86000US13905,13905,39832
86000US14001,14001,60615
86000US14004,14004,73586
86000US14005,14005,70673
86000US14006,14006,56941
86000US14008,14008,57400
86000US14009,14009,50284
86000US14011,14011,66178
86000US14012,14012,58707
86000US14013,14013,57746
86000US14020,14020,52825
86000US14024,14024,63158
86000US14025,14025,56172
86000US14028,14028,75667
86000US14030,14030,63036
86000US14031,14031,82727
86000US14032,14032,121111
86000US14033,14033,85278
86000US14034,14034,61292
86000US14036,14036,68448
86000US14037,14037,56389
86000US14039,14039,57188
86000US14040,14040,71774
86000US14041,14041,55313
86000US14042,14042,49632
86000US14043,14043,59520
86000US14047,14047,67447
86000US14048,14048,37588
86000US14051,14051,117803
86000US14052,14052,79174
86000US14054,14054,62067
86000US14055,14055,68667
86000US14057,14057,70298
86000US14058,14058,65268
86000US14059,14059,73456
86000US14060,14060,44375
86000US14061,14061,54375
86000US14062,14062,52644
86000US14063,14063,55713
86000US14065,14065,56823
86000US14066,14066,56850
86000US14067,14067,54000
86000US14068,14068,78705
86000US14069,14069,66071
86000US14070,14070,44023
86000US14072,14072,80569
86000US14075,14075,70300
86000US14080,14080,66000
86000US14081,14081,45900
86000US14082,14082,61429
86000US14085,14085,82071
86000US14086,14086,82221
86000US14091,14091,56429
86000US14092,14092,65072
86000US14094,14094,56138
86000US14098,14098,55417
86000US14101,14101,54276
86000US14102,14102,89792
86000US14103,14103,47848
86000US14105,14105,59625
86000US14108,14108,58903
86000US14111,14111,57313
86000US14113,14113,60250
86000US14120,14120,62998
86000US14125,14125,60573
86000US14126,14126,61125
86000US14127,14127,89780
86000US14129,14129,50846
86000US14130,14130,45500
86000US14131,14131,73250
86000US14132,14132,68812
86000US14134,14134,49091
86000US14136,14136,56294
86000US14138,14138,50875
86000US14139,14139,86149
86000US14141,14141,55779
86000US14143,14143,58500
86000US14145,14145,65750
86000US14150,14150,53982
86000US14167,14167,69276
86000US14169,14169,31765
86000US14170,14170,74264
86000US14171,14171,55972
86000US14172,14172,60438
86000US14174,14174,71000
86000US14201,14201,26771
86000US14202,14202,46439
86000US14203,14203,38578
86000US14204,14204,23886
86000US14206,14206,37946
86000US14207,14207,27633
86000US14208,14208,27876
86000US14209,14209,37869
86000US14210,14210,38811
86000US14211,14211,26496
86000US14212,14212,24060
86000US14213,14213,33303
86000US14214,14214,47642
86000US14215,14215,34928
86000US14216,14216,57416
86000US14217,14217,56015
86000US14218,14218,38634
86000US14219,14219,51998
86000US14220,14220,54369
86000US14221,14221,81106
86000US14222,14222,54841
86000US14223,14223,63629
86000US14224,14224,67691
86000US14225,14225,49516
86000US14226,14226,69746
86000US14227,14227,54525
86000US14228,14228,54132
86000US14301,14301,27317
86000US14303,14303,27148
86000US14304,14304,53797
86000US14305,14305,35712
86000US14411,14411,50084
86000US14414,14414,57604
86000US14416,14416,59514
86000US14418,14418,58355
86000US14420,14420,57320
86000US14422,14422,68478
86000US14423,14423,55750
86000US14424,14424,62717
86000US14425,14425,68330
86000US14427,14427,55833
86000US14428,14428,69930
86000US14432,14432,59550
86000US14433,14433,54542
86000US14435,14435,68984
86000US14437,14437,49398
86000US14441,14441,56250
86000US14445,14445,50259
86000US14450,14450,83593
86000US14454,14454,45316
86000US14456,14456,47522
86000US14462,14462,70000
86000US14464,14464,56569
86000US14466,14466,70893
86000US14467,14467,69861
86000US14468,14468,70090
86000US14469,14469,61221
86000US14470,14470,53824
86000US14471,14471,62114
86000US14472,14472,88262
86000US14475,14475,49750
86000US14476,14476,54803
86000US14477,14477,64688
86000US14478,14478,92981
86000US14479,14479,67400
86000US14480,14480,45678
86000US14481,14481,59394
86000US14482,14482,63162
86000US14485,14485,59427
86000US14486,14486,66708
86000US14487,14487,72000
86000US14489,14489,52285
86000US14502,14502,69067
86000US14504,14504,56279
86000US14505,14505,63316
86000US14506,14506,133167
86000US14507,14507,60125
86000US14510,14510,48272
86000US14511,14511,53854
86000US14512,14512,57337
86000US14513,14513,45446
86000US14514,14514,64112
86000US14516,14516,61029
86000US14517,14517,49395
86000US14519,14519,63766
86000US14521,14521,49420
86000US14522,14522,53259
86000US14525,14525,72353
86000US14526,14526,78250
86000US14527,14527,51875
86000US14530,14530,52599
86000US14532,14532,64583
86000US14533,14533,54342
86000US14534,14534,116043
86000US14536,14536,45208
86000US14539,14539,54318
86000US14541,14541,58382
86000US14543,14543,90057
86000US14544,14544,56441
86000US14545,14545,49688
86000US14546,14546,67569
86000US14548,14548,62557
86000US14549,14549,50556
86000US14550,14550,45917
86000US14551,14551,49010
86000US14555,14555,46389
86000US14559,14559,80735
86000US14560,14560,58750
86000US14561,14561,65000
86000US14564,14564,96798
86000US14568,14568,84750
86000US14569,14569,57585
86000US14571,14571,55781
86000US14572,14572,50950
86000US14580,14580,80596
86000US14585,14585,51250
86000US14586,14586,81792
86000US14588,14588,67750
86000US14589,14589,60945
86000US14590,14590,48327
86000US14591,14591,59722
86000US14592,14592,57250
86000US14604,14604,21899
86000US14605,14605,21475
86000US14606,14606,43237
86000US14607,14607,45315
86000US14608,14608,21531
86000US14609,14609,46117
86000US14610,14610,66767
86000US14611,14611,25868
86000US14612,14612,61218
86000US14613,14613,35259
86000US14614,14614,80208
86000US14615,14615,39995
86000US14616,14616,48562
86000US14617,14617,65522
86000US14618,14618,98254
86000US14619,14619,37801
86000US14620,14620,44167
86000US14621,14621,26506
86000US14622,14622,53977
86000US14623,14623,50199
86000US14624,14624,69257
86000US14625,14625,80053
86000US14626,14626,62550
86000US14701,14701,38891
86000US14706,14706,52708
86000US14707,14707,62917
86000US14708,14708,61875
86000US14709,14709,49145
86000US14710,14710,58004
86000US14711,14711,49893
86000US14712,14712,57202
86000US14714,14714,56250
86000US14715,14715,41500
86000US14716,14716,37661
86000US14717,14717,43875
86000US14718,14718,54375
86000US14719,14719,46771
86000US14720,14720,30521
86000US14721,14721,47500
86000US14722,14722,134135
86000US14723,14723,58958
86000US14724,14724,52778
86000US14726,14726,35417
86000US14727,14727,49481
86000US14728,14728,52232
86000US14729,14729,63654
86000US14731,14731,64000
86000US14732,14732,51429
86000US14733,14733,43839
86000US14735,14735,39278
86000US14736,14736,54583
86000US14737,14737,46698
86000US14738,14738,53400
86000US14739,14739,42102
86000US14740,14740,56131
86000US14741,14741,61161
86000US14742,14742,100227
86000US14743,14743,41818
86000US14744,14744,56719
86000US14747,14747,51161
86000US14748,14748,33929
86000US14750,14750,55425
86000US14753,14753,40341
86000US14754,14754,47625
86000US14755,14755,50056
86000US14756,14756,38650
86000US14757,14757,48162
86000US14760,14760,45326
86000US14767,14767,49773
86000US14769,14769,48317
86000US14770,14770,49355
86000US14772,14772,44810
86000US14774,14774,65417
86000US14775,14775,47548
86000US14777,14777,45662
86000US14779,14779,34777
86000US14781,14781,42007
86000US14782,14782,46641
86000US14783,14783,34205
86000US14784,14784,52639
86000US14787,14787,45042
86000US14801,14801,51393
86000US14802,14802,36417
86000US14803,14803,42321
86000US14804,14804,59605
86000US14805,14805,48068
86000US14806,14806,53523
86000US14807,14807,53992
86000US14808,14808,52386
86000US14809,14809,50208
86000US14810,14810,41079
86000US14812,14812,61643
86000US14813,14813,39680
86000US14814,14814,79375
86000US14815,14815,47440
86000US14816,14816,74000
86000US14817,14817,55227
86000US14818,14818,59886
86000US14819,14819,36071
86000US14820,14820,47857
86000US14821,14821,55833
86000US14822,14822,48625
86000US14823,14823,51336
86000US14824,14824,41726
86000US14825,14825,75806
86000US14826,14826,50455
86000US14827,14827,65429
86000US14830,14830,55967
86000US14836,14836,90385
86000US14837,14837,54704
86000US14838,14838,60368
86000US14839,14839,52083
86000US14840,14840,55027
86000US14841,14841,75074
86000US14842,14842,38707
86000US14843,14843,45000
86000US14845,14845,64468
86000US14846,14846,48977
86000US14847,14847,50430
86000US14850,14850,53239
86000US14855,14855,55917
86000US14856,14856,15089
86000US14858,14858,54063
86000US14859,14859,52083
86000US14860,14860,51786
86000US14861,14861,46667
86000US14864,14864,58750
86000US14865,14865,44208
86000US14867,14867,62238
86000US14869,14869,53790
86000US14870,14870,63065
86000US14871,14871,63790
86000US14872,14872,61726
86000US14873,14873,50045
86000US14874,14874,41827
86000US14877,14877,58438
86000US14878,14878,77083
86000US14879,14879,52656
86000US14880,14880,46563
86000US14881,14881,117885
86000US14882,14882,78358
86000US14883,14883,51028
86000US14884,14884,55179
86000US14885,14885,53438
86000US14886,14886,69881
86000US14889,14889,59010
86000US14891,14891,48571
86000US14892,14892,44647
86000US14894,14894,56364
86000US14895,14895,45839
86000US14897,14897,42463
86000US14898,14898,48750
86000US14901,14901,30375
86000US14903,14903,57526
86000US14904,14904,45719
86000US14905,14905,56219
